ID,lat_coord,long_coord,elevation(ft),sample_ID,collect_date,desert,site_id,full_coord,latitude,longitude,county,state,permit,gps_flag
1,37.371411407366395,-117.9791579861194,1612,001,2026-01-23T00:00:00Z,great_basin,deep_springs,"N 37.371411, W 117.979158",N,W,Inyo,CA,deep_springs,NA
2,37.371455412358046,-117.97928765416145,1611,002,2026-01-23T00:00:00Z,great_basin,deep_springs,"N 37.371455, W 117.979288",N,W,Inyo,CA,deep_springs,NA
3,37.371550044044845,-117.97925999388099,1609.4000244140625,003,2026-01-23T00:00:00Z,great_basin,deep_springs,"N 37.371550, W 117.979260",N,W,Inyo,CA,deep_springs,NA
4,37.37152791582048,-117.97940676100552,1611,004,2026-01-23T00:00:00Z,great_basin,deep_springs,"N 37.371528, W 117.979407",N,W,Inyo,CA,deep_springs,NA
5,37.37139271572232,-117.97916611656547,1609.5999755859375,005,2026-01-23T00:00:00Z,great_basin,deep_springs,"N 37.371393, W 117.979166",N,W,Inyo,CA,deep_springs,NA
6,37.371420543640845,-117.97902404330671,1612.4000244140625,006,2026-01-23T00:00:00Z,great_basin,deep_springs,"N 37.371421, W 117.979024",N,W,Inyo,CA,deep_springs,NA
7,37.37130034714938,-117.9790517874062,1615.199951171875,007,2026-01-23T00:00:00Z,great_basin,deep_springs,"N 37.371300, W 117.979052",N,W,Inyo,CA,deep_springs,NA
8,37.37117721699178,-117.97907852567732,1614.800048828125,008,2026-01-23T00:00:00Z,great_basin,deep_springs,"N 37.371177, W 117.979079",N,W,Inyo,CA,deep_springs,NA
9,37.37111158668995,-117.97883000224829,1616,009,2026-01-23T00:00:00Z,great_basin,deep_springs,"N 37.371112, W 117.978830",N,W,Inyo,CA,deep_springs,NA
10,37.37099030055106,-117.97887434251606,1618.199951171875,010,2026-01-23T00:00:00Z,great_basin,deep_springs,"N 37.370990, W 117.978874",N,W,Inyo,CA,deep_springs,NA
11,37.37094252370298,-117.97896687872708,1619,011,2026-01-23T00:00:00Z,great_basin,deep_springs,"N 37.370943, W 117.978967",N,W,Inyo,CA,deep_springs,NA
12,37.370742447674274,-117.97888993285596,1620,012,2026-01-23T00:00:00Z,great_basin,deep_springs,"N 37.370742, W 117.978890",N,W,Inyo,CA,deep_springs,NA
13,37.37060439772904,-117.97905027866364,1626.199951171875,013,2026-01-23T00:00:00Z,great_basin,deep_springs,"N 37.370604, W 117.979050",N,W,Inyo,CA,deep_springs,NA
14,37.37054538913071,-117.97910191118717,1623,014,2026-01-23T00:00:00Z,great_basin,deep_springs,"N 37.370545, W 117.979102",N,W,Inyo,CA,deep_springs,NA
15,37.37051814794541,-117.97922269441187,1620.800048828125,015,2026-01-23T00:00:00Z,great_basin,deep_springs,"N 37.370518, W 117.979223",N,W,Inyo,CA,deep_springs,NA
16,37.37048663198948,-117.97933802939951,1622.199951171875,016,2026-01-23T00:00:00Z,great_basin,deep_springs,"N 37.370487, W 117.979338",N,W,Inyo,CA,deep_springs,NA
17,37.370548071339726,-117.97952083870769,1621.5999755859375,017,2026-01-23T00:00:00Z,great_basin,deep_springs,"N 37.370548, W 117.979521",N,W,Inyo,CA,deep_springs,NA
18,37.37068369053304,-117.97971756197512,1619.800048828125,018,2026-01-23T00:00:00Z,great_basin,deep_springs,"N 37.370684, W 117.979718",N,W,Inyo,CA,deep_springs,NA
19,37.37096616066992,-117.9795544501394,1614.4000244140625,019,2026-01-23T00:00:00Z,great_basin,deep_springs,"N 37.370966, W 117.979554",N,W,Inyo,CA,deep_springs,NA
20,37.37112675793469,-117.9795510135591,1613.4000244140625,020,2026-01-23T00:00:00Z,great_basin,deep_springs,"N 37.371127, W 117.979551",N,W,Inyo,CA,deep_springs,NA
21,37.371204290539026,-117.97949443571268,1611.4000244140625,021,2026-01-23T00:00:00Z,great_basin,deep_springs,"N 37.371204, W 117.979494",N,W,Inyo,CA,deep_springs,NA
22,37.37132515758276,-117.9794719722122,1610.5999755859375,022,2026-01-23T00:00:00Z,great_basin,deep_springs,"N 37.371325, W 117.979472",N,W,Inyo,CA,deep_springs,NA
23,37.37136522307992,-117.97960407100618,1610.800048828125,023,2026-01-23T00:00:00Z,great_basin,deep_springs,"N 37.371365, W 117.979604",N,W,Inyo,CA,deep_springs,NA
24,37.37161483615637,-117.9790703114122,1603.800048828125,024,2026-01-23T00:00:00Z,great_basin,deep_springs,"N 37.371615, W 117.979070",N,W,Inyo,CA,deep_springs,NA
25,37.43072351440787,-117.93858068995178,1941.199951171875,025,2026-01-24T00:00:00Z,great_basin,moss_barren,"N 37.430724, W 117.938581",N,W,Inyo,CA,deep_springs,NA
26,37.26300364360213,-118.15441285260023,2177.60009765625,026,2026-01-24T00:00:00Z,great_basin,ridge,"N 37.263004, W 118.154413",N,W,Inyo,CA,ben,NA
27,37.26308184675872,-118.15427027642727,2184,027,2026-01-24T00:00:00Z,great_basin,ridge,"N 37.263082, W 118.154270",N,W,Inyo,CA,ben,NA
28,37.263031555339694,-118.15427144989371,2184.39990234375,028,2026-01-24T00:00:00Z,great_basin,ridge,"N 37.263032, W 118.154271",N,W,Inyo,CA,ben,NA
29,37.26318276487291,-118.1541805062443,2185.60009765625,029,2026-01-24T00:00:00Z,great_basin,ridge,"N 37.263183, W 118.1541.81",N,W,Inyo,CA,ben,NA
30,37.26375633850694,-118.15391974523664,2189.60009765625,030,2026-01-24T00:00:00Z,great_basin,ridge,"N 37.263756, W 118.153920",N,W,Inyo,CA,ben,NA
31,37.19164581969381,-117.99880625680088,2041,031,2026-01-24T00:00:00Z,GB-M_transition,joshua_tree,"N 37.191646, W 117.998806",N,W,Inyo,CA,ben,NA
32,37.1916579734534,-117.99890683963895,2040.5999755859375,032,2026-01-24T00:00:00Z,GB-M_transition,joshua_tree,"N 37.191658, W 117.998907",N,W,Inyo,CA,ben,NA
33,37.191604329273105,-117.99886090680957,2041,033,2026-01-24T00:00:00Z,GB-M_transition,joshua_tree,"N 37.191604, W 117.998861",N,W,Inyo,CA,ben,NA
34,37.19159737229347,-117.99888110719621,2041.800048828125,034,2026-01-24T00:00:00Z,GB-M_transition,joshua_tree,"N 37.191597, W 117.998881",N,W,Inyo,CA,ben,NA
35,37.19155412167311,-117.99907288514079,2043,035,2026-01-24T00:00:00Z,GB-M_transition,joshua_tree,"N 37.191554, W 117.999073",N,W,Inyo,CA,ben,NA
36,37.191680688411,-117.99915083684027,2042.5999755859375,036,2026-01-24T00:00:00Z,GB-M_transition,joshua_tree,"N 37.191681, W 117.999151",N,W,Inyo,CA,ben,NA
37,33.24068094603717,-116.38910349458456,214,037,2026-02-25T00:00:00Z,sonoran,anza_reserve,"N 33.240681, W 116.389103",N,W,San_Diego,CA,steele-burnand,incorrect
38,33.23999463580549,-116.39075079001486,212.1999969482422,038,2026-02-25T00:00:00Z,sonoran,anza_reserve,"N 33.2339995, W 116.390751",N,W,San_Diego,CA,steele-burnand,incorrect
39,33.23965407907963,-116.39114029705524,213.60000610351562,039,2026-02-25T00:00:00Z,sonoran,anza_reserve,"N 33.239654, W 116.39114",N,W,San_Diego,CA,steele-burnand,NA
40,33.239470766857266,-116.39126669615507,216.8000030517578,040,2026-02-25T00:00:00Z,sonoran,anza_reserve,"N 33.239471, W 116.391267",N,W,San_Diego,CA,steele-burnand,NA
41,33.239500019699335,-116.39157506637275,215.60000610351562,041,2026-02-25T00:00:00Z,sonoran,anza_reserve,"N 33.2395, W 116.391575",N,W,San_Diego,CA,steele-burnand,NA
42,33.23950069025159,-116.39185116626322,217,042,2026-02-25T00:00:00Z,sonoran,anza_reserve,"N 33.239501, W 116.391851",N,W,San_Diego,CA,steele-burnand,NA
43,33.23945953510702,-116.3921872805804,219.8000030517578,043,2026-02-25T00:00:00Z,sonoran,anza_reserve,"N 33.23946, W 116.392187",N,W,San_Diego,CA,steele-burnand,NA
44,33.23942215181887,-116.39371806755662,224.39999389648438,044,2026-02-26T00:00:00Z,sonoran,anza_reserve,"N 33.239422, W 116.393718",N,W,San_Diego,CA,steele-burnand,NA
45,33.23937320150435,-116.3938985299319,222.8000030517578,045,2026-02-25T00:00:00Z,sonoran,anza_reserve,"N 33.239373, W 116.393899",N,W,San_Diego,CA,steele-burnand,NA
46,33.23962180875242,-116.39479732140899,227,046,2026-02-25T00:00:00Z,sonoran,anza_reserve,"N 33.239622, W 116.394797",N,W,San_Diego,CA,steele-burnand,NA
47,33.239827835932374,-116.39454519376159,227.1999969482422,047,2026-02-25T00:00:00Z,sonoran,anza_reserve,"N 33.239828, W 116.394545",N,W,San_Diego,CA,steele-burnand,NA
48,33.23957143351436,-116.3931511156261,224.60000610351562,048,2026-02-25T00:00:00Z,sonoran,anza_reserve,"N 33.239571, W 116.393151",N,W,San_Diego,CA,steele-burnand,NA
49,33.1068214494735,-116.42801832407713,678.4000244140625,049,2026-02-26T00:00:00Z,sonoran,plum_canyon,"N 33.106821, W 116.428018",N,W,San_Diego,CA,ca-sp,NA
50,33.10669287107885,-116.42801622860135,681.79998779296875,050,2026-02-26T00:00:00Z,sonoran,plum_canyon,"N 33.106693, W 116.428016",N,W,San_Diego,CA,ca-sp,NA
51,33.106677532196045,-116.42803324386477,681.20001220703125,051,2026-02-26T00:00:00Z,sonoran,plum_canyon,"N 33.106678, W 116.428033",N,W,San_Diego,CA,ca-sp,NA
52,33.106248546391726,-116.42806652002037,717.5999755859375,052,2026-02-26T00:00:00Z,sonoran,plum_canyon,"N 33.106249, W 116.428067",N,W,San_Diego,CA,ca-sp,NA
53,33.105802629143,-116.42774607986212,724.20001220703125,053,2026-02-26T00:00:00Z,sonoran,plum_canyon,"N 33.105803, W 116.427746",N,W,San_Diego,CA,ca-sp,NA
54,33.10529351234436,-116.42812728881835,726.4000244140625,054,2026-02-26T00:00:00Z,sonoran,plum_canyon,"N 33.105294, W 116.428127",N,W,San_Diego,CA,ca-sp,NA
55,33.105075750499964,-116.42829802818596,731.20001220703125,055,2026-02-26T00:00:00Z,sonoran,plum_canyon,"N 33.105076, W 116.428298",N,W,San_Diego,CA,ca-sp,NA
56,33.105093436315656,-116.42777348868549,728.79998779296875,056,2026-02-26T00:00:00Z,sonoran,plum_canyon,"N 33.105093, W 116.427773",N,W,San_Diego,CA,ca-sp,NA
57,33.110769325867295,-116.4288298599422,672.4000244140625,057,2026-02-26T00:00:00Z,sonoran,plum_canyon,"N 33.110769, W 116.42883",N,W,San_Diego,CA,ca-sp,NA
58,33.11392008326948,-116.42964818514884,644.20001220703125,058,2026-02-26T00:00:00Z,sonoran,plum_canyon,"N 33.11392, W 116.429648",N,W,San_Diego,CA,ca-sp,NA
59,33.11644068919122,-116.4252812974155,608.79998779296875,059,2026-02-26T00:00:00Z,sonoran,plum_canyon,"N 33.116441, W 116.425281",N,W,San_Diego,CA,ca-sp,NA
60,33.11662349849939,-116.42482155002652,606.20001220703125,060,2026-02-26T00:00:00Z,sonoran,plum_canyon,"N 33.116623, W 116.424822",N,W,San_Diego,CA,ca-sp,NA
152,34.14858271367848,-116.4538777526468,1263.800048828125,061,2026-02-27T00:00:00Z,mojave,burns_reserve,"N 34.148583, W 116.453878",N,W,San_Bernardino,CA,burns,NA
61,34.148332346230745,-116.45363216288388,1264.5999755859375,062,2026-02-27T00:00:00Z,mojave,burns_reserve,"N 34.148332, W 116.453632",N,W,San_Bernardino,CA,burns,NA
62,34.14844751358032,-116.4534009899944,1263.4000244140625,063,2026-02-27T00:00:00Z,mojave,burns_reserve,"N 34.148448, W 116.453401",N,W,San_Bernardino,CA,burns,NA
63,34.148285910487175,-116.45300854928792,1267.199951171875,064,2026-02-27T00:00:00Z,mojave,burns_reserve,"N 34.148286, W 116.453009",N,W,San_Bernardino,CA,burns,NA
64,34.14849679917097,-116.45291182212532,1269.800048828125,065,2026-02-27T00:00:00Z,mojave,burns_reserve,"N 34.148497, W 116.452912",N,W,San_Bernardino,CA,burns,NA
65,34.14856167510152,-116.4528327807784,1269.4000244140625,066,2026-02-27T00:00:00Z,mojave,burns_reserve,"N 34.148562, W 116.452833",N,W,San_Bernardino,CA,burns,NA
66,34.14873828180134,-116.4527291804552,1267.5999755859375,067,2016-02-27T00:00:00Z,mojave,burns_reserve,"N 34.148738, W 116.452729",N,W,San_Bernardino,CA,burns,NA
67,34.13555396720767,-116.45690496079624,1080.5999755859375,068,2026-02-27T00:00:00Z,mojave,wash_burns,"N 34.135554, W 116.456905",N,W,San_Bernardino,CA,burns,NA
68,34.137412486597896,-116.4583156351,1088.199951171875,069,2026-02-27T00:00:00Z,mojave,wash_burns,"N 34.137412, W 116.458316",N,W,San_Bernardino,CA,burns,off_property
69,34.13985891267657,-116.45686171017587,1109.5999755859375,070,2026-02-27T00:00:00Z,mojave,wash_burns,"N 34.139859, W 116.456862",N,W,San_Bernardino,CA,burns,NA
70,34.13711819797754,-116.45675375126302,1090.4000244140625,071,2026-02-27T00:00:00Z,mojave,wash_burns,"N 34.137118, W 116.456754",N,W,San_Bernardino,CA,burns,NA
71,34.135488756000996,-116.45705399103463,1078.5999755859375,072,2026-02-27T00:00:00Z,mojave,wash_burns,"N 34.135489, W 116.457054",N,W,San_Bernardino,CA,burns,NA
72,34.15294222533703,-116.47610127925871,1212.4000244140625,073,2026-02-27T00:00:00Z,mojave,starlight_ranch_rd,"N 34.152942, W 116.476101",N,W,San_Bernardino,CA,none,off_property
73,34.15283979848027,-116.47625165060163,1216.4000244140625,074,2026-02-27T00:00:00Z,mojave,starlight_ranch_rd,"N 34.15284, W 116.476252",N,W,San_Bernardino,CA,none,off_property
74,34.152739718556404,-116.47612558677793,1220.4000244140625,075,2026-02-27T00:00:00Z,mojave,starlight_ranch_rd,"N 34.15274, W 116.476126",N,W,San_Bernardino,CA,none,off_property
75,34.153038784861565,-116.47567606531084,1214.5999755859375,076,2026-02-27T00:00:00Z,mojave,starlight_ranch_rd,"N 34.153039, W 116.475676",N,W,San_Bernardino,CA,none,off_property
76,34.153220504522324,-116.47578201256692,1214.5999755859375,077,2026-02-27T00:00:00Z,mojave,starlight_ranch_rd,"N 34.153221, W 116.475782",N,W,San_Bernardino,CA,none,off_property
77,34.1532199177891,-116.47597379051149,1214.4000244140625,078,2026-02-27T00:00:00Z,mojave,starlight_ranch_rd,"N 34.15322, W 116.475974",N,W,San_Bernardino,CA,none,off_property
78,34.152259435504675,-116.47331605665386,1217,079,2026-02-27T00:00:00Z,mojave,starlight_ranch_rd,"N 34.152259, W 116.473316",N,W,San_Bernardino,CA,none,off_property
79,34.15220243856311,-116.4736007899046,1215.5999755859375,080,2026-02-27T00:00:00Z,mojave,starlight_ranch_rd,"N 34.152202, W 116.473601",N,W,San_Bernardino,CA,none,off_property
153,34.147546626627445,-116.45591665059328,1259.199951171875,082,2026-05-15T00:00:00Z,mojave,burns_reserve,"N 34.147547, W 116.455917",N,W,San_Bernardino,CA,burns,NA
154,34.147519804537296,-116.45583517849445,1259.800048828125,083,2026-05-15T00:00:00Z,mojave,burns_reserve,"N 34.137520, W 116.455835",N,W,San_Bernardino,CA,burns,NA
155,34.14897079579532,-116.45253748632967,1265.5999755859375,084,2026-05-15T00:00:00Z,mojave,burns_reserve,"N 34.148971, W 116.452537",N,W,San_Bernardino,CA,burns,NA
156,34.148431001231074,-116.4534115511924,1268.199951171875,085,2026-05-15T00:00:00Z,mojave,burns_reserve,"N 34.148431, W 116.453412",N,W,San_Bernardino,CA,burns,NA
157,34.14837517775595,-116.45358949899673,1270,086,2026-05-15T00:00:00Z,mojave,burns_reserve,"N 34.148375, W 116.453589",N,W,San_Bernardino,CA,burns,NA
158,34.14847332984209,-116.45386853255332,1270,087,2026-05-15T00:00:00Z,mojave,burns_reserve,"N 34.148473, W 116.453869",N,W,San_Bernardino,CA,burns,NA
159,34.1485748346895,-116.45400004461408,1269.4000244140625,088,2026-05-15T00:00:00Z,mojave,burns_reserve,"N 34.148575, W 116.454000",N,W,San_Bernardino,CA,burns,NA
160,34.14853443391621,-116.45454092882572,1264.800048828125,089,2026-05-15T00:00:00Z,mojave,burns_reserve,"N 34.148534, W 116.454541",N,W,San_Bernardino,CA,burns,NA
161,34.138955594971776,-116.45415460690856,1100.5999755859375,090,2026-05-16T00:00:00Z,mojave,wash_burns,"N 34.138956, W 116.454155",N,W,San_Bernardino,CA,burns,NA
162,34.14845086634159,-116.45707947202027,1248,091,2026-05-16T00:00:00Z,mojave,burns_campground,"N 34.148451,W 116.457079",N,W,San_Bernardino,CA,burns,NA
163,34.14777293801308,-116.45701509900391,1248,092,2026-05-16T00:00:00Z,mojave,burns_campground,"N 34.147773, W 116.457015",N,W,San_Bernardino,CA,burns,NA
164,34.14741427637637,-116.45685299299657,1255.199951171875,093,2026-05-16T00:00:00Z,mojave,burns_campground,"N 34.147414, W 116.456853",N,W,San_Bernardino,CA,burns,NA
165,34.14721520617604,-116.4569500554353,1254.4000244140625,094,2026-05-16T00:00:00Z,mojave,burns_campground,"N 34.147215, W 116.456950",N,W,San_Bernardino,CA,burns,NA
166,34.14707782678306,-116.45694368518888,1252.5999755859375,095,2026-05-16T00:00:00Z,mojave,burns_campground,"N 34.147078, W 116.456944",N,W,San_Bernardino,CA,burns,NA
167,34.14696115069091,-116.45724199712276,1257.199951171875,096,2026-05-16T00:00:00Z,mojave,burns_campground,"N 34.146961, W 116.457242",N,W,San_Bernardino,CA,burns,NA
168,34.146918738260865,-116.45762513391674,1261,097,2026-05-16T00:00:00Z,mojave,burns_campground,"N 34.146919, W 116.457625",N,W,San_Bernardino,CA,burns,NA
169,34.14693843573332,-116.45715583115816,1255.5999755859375,098,2026-05-16T00:00:00Z,mojave,burns_campground,"N 34.146938, W 116.457156",N,W,San_Bernardino,CA,burns,NA
170,34.147135242819786,-116.45693941041827,1255,099,2026-05-16T00:00:00Z,mojave,burns_campground,"N 34.147135, W 116.456939",N,W,San_Bernardino,CA,burns,NA
80,34.147891039028764,-116.45715893246233,1250,100,2026-05-16T00:00:00Z,mojave,burns_campground,"N 34.147891, W 116.457159",N,W,San_Bernardino,CA,burns,NA
81,34.14875420741737,-116.45315741188824,1260.199951171875,101,2026-05-16T00:00:00Z,mojave,burns_reserve,"N 34.148754, W 116.453157",N,W,San_Bernardino,CA,burns,NA
82,34.1486300714314,-116.45307434722781,1264,102,2026-05-16T00:00:00Z,mojave,burns_reserve,"N 34.148630, W 116.453074",N,W,San_Bernardino,CA,burns,NA
83,34.14838783442974,-116.45318683236837,1263.800048828125,103,2026-05-16T00:00:00Z,mojave,burns_reserve,"N 34.148388, W 116.453187",N,W,San_Bernardino,CA,burns,NA
84,34.14846545085311,-116.45341532304884,1265.199951171875,104,2026-05-16T00:00:00Z,mojave,burns_reserve,"N 34.148465, W 116.453415",N,W,San_Bernardino,CA,burns,NA
85,33.23970613069832,-116.39183222316206,210.8000030517578,105,2026-05-16T00:00:00Z,sonoran,anza_reserve,"N 33.239706, W 116.391832",N,W,San_Diego,CA,steele-burnand,NA
86,33.23933271691203,-116.3926225528121,213.8000030517578,106,2026-05-16T00:00:00Z,sonoran,anza_reserve,"N 33.239333, W 116.392623",N,W,San_Diego,CA,steele-burnand,NA
87,33.239298183470964,-116.39283930882812,215.60000610351562,107,2026-05-16T00:00:00Z,sonoran,anza_reserve,"N 33.239298, W 116.392839",N,W,San_Diego,CA,steele-burnand,NA
88,33.239560117945075,-116.39327265322208,216.1999969482422,108,2026-05-16T00:00:00Z,sonoran,anza_reserve,"N 33.239560, W 116.393273",N,W,San_Diego,CA,steele-burnand,NA
89,33.23941276408732,-116.39377196319401,214.60000610351562,109,2026-05-16T00:00:00Z,sonoran,anza_reserve,"N 33.239413, W 116.393772",N,W,San_Diego,CA,steele-burnand,NA
90,33.239357359707355,-116.39389375224708,218,110,2026-05-16T00:00:00Z,sonoran,anza_reserve,"N 33.239357, W 116.393894",N,W,San_Diego,CA,steele-burnand,NA
91,33.23930522426963,-116.39407404698431,216,111,2026-05-17T00:00:00Z,sonoran,anza_reserve,"N 33.239305, W 116.394074",N,W,San_Diego,CA,steele-burnand,NA
92,33.1071237847209,-116.42787440679967,695.79998779296875,112,2026-05-17T00:00:00Z,sonoran,plum_canyon,"N 33.107124, W 116.427874",N,W,San_Diego,CA,ca-sp,NA
93,33.1069615110755,-116.42795177176595,697.5999755859375,113,2026-05-17T00:00:00Z,sonoran,plum_canyon,"N 33.106962, W 116.427952",N,W,San_Diego,CA,ca-sp,NA
94,33.10687316581607,-116.42799611203372,704,114,2026-05-17T00:00:00Z,sonoran,plum_canyon,"N 33.106873, W 116.427996",N,W,San_Diego,CA,ca-sp,NA
95,33.106629839167,-116.42807356081904,708.4000244140625,115,2026-05-17T00:00:00Z,sonoran,plum_canyon,"N 33.106630, W 116.428074",N,W,San_Diego,CA,ca-sp,NA
96,33.10653554275632,-116.42790625803173,708.5999755859375,116,2026-05-17T00:00:00Z,sonoran,plum_canyon,"N 33.106536, W 116.427906",N,W,San_Diego,CA,ca-sp,NA
97,33.10636689886451,-116.42807842232287,711.5999755859375,117,2026-05-17T00:00:00Z,sonoran,plum_canyon,"N 33.106367, W 116.428078",N,W,San_Diego,CA,ca-sp,NA
98,33.10618132352829,-116.42799728550018,716.20001220703125,118,2026-05-17T00:00:00Z,sonoran,plum_canyon,"N 33.106181, W 116.427997",N,W,San_Diego,CA,ca-sp,NA
99,33.105795504525304,-116.42773685976863,719.5999755859375,119,2026-05-17T00:00:00Z,sonoran,plum_canyon,"N 33.105796, W 116.427737",N,W,San_Diego,CA,ca-sp,NA
100,33.1056559458375,-116.42783434130251,719.20001220703125,120,2026-05-17T00:00:00Z,sonoran,plum_canyon,"N 33.105656, W 116.427834",N,W,San_Diego,CA,ca-sp,NA
101,33.10553968884051,-116.4279040787369,720.20001220703125,121,2026-05-17T00:00:00Z,sonoran,plum_canyon,"N 33.105540, W 116.427904",N,W,San_Diego,CA,ca-sp,NA
102,33.105322513729334,-116.42809124663472,720.79998779296875,122,2026-05-17T00:00:00Z,sonoran,plum_canyon,"N 33.105323, W 116.428091",N,W,San_Diego,CA,ca-sp,NA
103,33.1050221901387,-116.42757936380804,723.20001220703125,123,2026-05-17T00:00:00Z,sonoran,plum_canyon,"N 33.105022, W 116.427579",N,W,San_Diego,CA,ca-sp,NA
104,33.23937806300819,-116.39416004531085,222.1999969482422,124,2026-05-17T00:00:00Z,sonoran,anza_reserve,"N 33.239378, W 116.394160",N,W,San_Diego,CA,steele-burnand,NA
105,33.23953170329332,-116.39448828063905,224.60000610351562,125,2026-05-17T00:00:00Z,sonoran,anza_reserve,"N 33.239532, W 116.394488",N,W,San_Diego,CA,steele-burnand,NA
106,33.23956615291536,-116.39467469416559,228.8000030517578,126,2026-05-17T00:00:00Z,sonoran,anza_reserve,"N 33.239566, W 116.394675",N,W,San_Diego,CA,steele-burnand,NA
107,33.23970068246126,-116.39484761282802,228.1999969482422,127,2026-05-17T00:00:00Z,sonoran,anza_reserve,"N 33.239701, W 116.394848",N,W,San_Diego,CA,steele-burnand,NA
108,33.23957889340818,-116.39470889233053,227.60000610351562,128,2026-05-17T00:00:00Z,sonoran,anza_reserve,"N 33.239579, W 116.394709",N,W,San_Diego,CA,steele-burnand,NA
109,33.239689618349075,-116.39496722258627,228,129,2026-05-17T00:00:00Z,sonoran,anza_reserve,"N 33.239690, W 116.394967",N,W,San_Diego,CA,steele-burnand,NA
110,33.239784417673945,-116.3949675578624,231.1999969482422,130,2026-05-17T00:00:00Z,sonoran,anza_reserve,"N 33.239784, W 116.394968",N,W,San_Diego,CA,steele-burnand,NA
111,33.23980453424156,-116.39512253925204,231.60000610351562,131,2026-05-17T00:00:00Z,sonoran,anza_reserve,"N 33.239805, W 116.395123",N,W,San_Diego,CA,steele-burnand,NA
112,33.239736976101995,-116.39523611404002,233.60000610351562,132,2026-05-17T00:00:00Z,sonoran,anza_reserve,"N 33.239737, W 116.395236",N,W,San_Diego,CA,steele-burnand,NA
113,33.23956271633506,-116.39515640214087,228.60000610351562,133,2026-05-17T00:00:00Z,sonoran,anza_reserve,"N 33.239563, W 116.395156",N,W,San_Diego,CA,steele-burnand,NA
114,33.23954176157713,-116.39499840326609,227.60000610351562,134,2026-05-17T00:00:00Z,sonoran,anza_reserve,"N 33.239542, W 116.394998",N,W,San_Diego,CA,steele-burnand,NA
115,33.23947831057012,-116.39485322870314,229,135,2026-05-17T00:00:00Z,sonoran,anza_reserve,"N 33.239478, W 116.394853",N,W,San_Diego,CA,steele-burnand,NA
116,33.12473122961819,-116.39529101550579,538.5999755859375,136,2026-05-17T00:00:00Z,sonoran,lizard_canyon,"N 33.124731, W 116.395291",N,W,San_Diego,CA,ca-sp,NA
117,33.1245581433177,-116.39527643099427,538.20001220703125,137,2026-05-17T00:00:00Z,sonoran,lizard_canyon,"N 33.124558, W 116.395276",N,W,San_Diego,CA,ca-sp,NA
118,33.12419797293842,-116.39543996192515,539,138,2026-05-17T00:00:00Z,sonoran,lizard_canyon,"N 33.124198, W 116.395440",N,W,San_Diego,CA,ca-sp,NA
119,33.124090852215886,-116.3954511936754,542.20001220703125,139,2026-05-17T00:00:00Z,sonoran,lizard_canyon,"N 33.124091, W 116.395451",N,W,San_Diego,CA,ca-sp,NA
120,33.12355826608837,-116.39556242153049,545.20001220703125,140,2026-05-17T00:00:00Z,sonoran,lizard_canyon,"N 33.123558, W 116.395562",N,W,San_Diego,CA,ca-sp,NA
121,37.619548346847296,-118.6316333245486,1611.7824,181,2026-06-13T00:00:00Z,great_basin,deep_springs,"N 37.723835, W 112.475705",N,W,Inyo,CA,deep_springs,NA
122,37.37182932905853,-117.97898297198117,1611.800048828125,182,2026-06-13T00:00:00Z,great_basin,deep_springs,"N 37.371829, W 117.978983",N,W,Inyo,CA,deep_springs,NA
123,37.37163931131363,-117.9789949581027,1611,183,2026-06-13T00:00:00Z,great_basin,deep_springs,"N 37.371639, W  117.978995",N,W,Inyo,CA,deep_springs,NA
124,37.371538896113634,-117.97892346046864,1612.199951171875,184,2026-06-13T00:00:00Z,great_basin,deep_springs,"N 37.371539, W 117.978923",N,W,Inyo,CA,deep_springs,NA
125,37.3714544903487,-117.97893477603793,1613,185,2026-06-13T00:00:00Z,great_basin,deep_springs,"N 37.371454, W 117.978935",N,W,Inyo,CA,deep_springs,NA
126,37.37137695774436,-117.97889286652207,1615,186,2026-06-13T00:00:00Z,great_basin,deep_springs,"N 37.371377, W 117.978893",N,W,Inyo,CA,deep_springs,NA
127,37.37128525972366,-117.97890250571072,1614,187,2026-06-13T00:00:00Z,great_basin,deep_springs,"N 37.371285, W 117.978903",N,W,Inyo,CA,deep_springs,NA
128,37.37110865302384,-117.97889051958919,1617,188,2026-06-13T00:00:00Z,great_basin,deep_springs,"N 37.371109, W 117.978891",N,W,Inyo,CA,deep_springs,NA
129,37.37104729749262,-117.97880217432976,1617.800048828125,189,2026-06-13T00:00:00Z,great_basin,deep_springs,"N 37.371047, W 117.978802",N,W,Inyo,CA,deep_springs,NA
130,37.37086155451834,-117.97899638302624,1625.800048828125,190,2026-06-13T00:00:00Z,great_basin,deep_springs,"N 37.370862, W 117.978996",N,W,Inyo,CA,deep_springs,NA
131,37.370806066319346,-117.97902815043926,1620.199951171875,191,2026-06-13T00:00:00Z,great_basin,deep_springs,"N 37.370806, W 117.979028",N,W,Inyo,CA,deep_springs,NA
132,37.37072266638279,-117.97912194393574,1620.199951171875,192,2026-06-13T00:00:00Z,great_basin,deep_springs,"N 37.370723, W 117.979122",N,W,Inyo,CA,deep_springs,NA
133,37.37063515931368,-117.97898909077048,1622,193,2026-06-13T00:00:00Z,great_basin,deep_springs,"N 37.370635, W 117.978989",N,W,Inyo,CA,deep_springs,NA
134,37.37063851207495,-117.97882983461022,1621.5999755859375,194,2026-06-13T00:00:00Z,great_basin,deep_springs,"N 37.370639, W 117.978830",N,W,Inyo,CA,deep_springs,NA
135,37.370501132681966,-117.97888859175146,1623.4000244140625,195,2026-06-13T00:00:00Z,great_basin,deep_springs,"N 37.370501, W117.978889",N,W,Inyo,CA,deep_springs,NA
136,37.370294937863946,-117.97887132503092,1626.199951171875,196,2026-06-13T00:00:00Z,great_basin,deep_springs,"N 37.370295, W 117.978871",N,W,Inyo,CA,deep_springs,NA
138,37.37038353458047,-117.97915664501488,1625.4000244140625,197,2026-06-13T00:00:00Z,great_basin,deep_springs,"N 37.370384, W 117.979157",N,W,Inyo,CA,deep_springs,NA
139,37.37049736082554,-117.9792069364339,1623.800048828125,198,2026-06-13T00:00:00Z,great_basin,deep_springs,"N 37.370497, W 117.979207",N,W,Inyo,CA,deep_springs,NA
140,37.37051161006093,-117.97933794558048,1622.800048828125,199,2026-06-13T00:00:00Z,great_basin,deep_springs,"N 37.370512, W 117.979338",N,W,Inyo,CA,deep_springs,NA
141,37.37055745907128,-117.97951941378415,1622.5999755859375,200,2026-06-13T00:00:00Z,great_basin,deep_springs,"N 37.370557, W 117.979516",N,W,Inyo,CA,deep_springs,NA
142,37.370587633922696,-117.97959133051336,1623.199951171875,201,2026-06-13T00:00:00Z,great_basin,deep_springs,"N 37.370588, W 117.979591",N,W,Inyo,CA,deep_springs,NA
143,37.37062786705792,-117.97964162193239,1621,202,2026-06-13T00:00:00Z,great_basin,deep_springs,"N 37.370628, W 117.979642",N,W,Inyo,CA,deep_springs,NA
144,37.370768850669265,-117.979717226699,1619.199951171875,203,2026-06-13T00:00:00Z,great_basin,deep_springs,"N 37.370769, W 117.979717",N,W,Inyo,CA,deep_springs,NA
145,37.370875887572765,-117.97985217534007,1618.199951171875,204,2026-06-13T00:00:00Z,great_basin,deep_springs,"N 37.370876, W 117.979852",N,W,Inyo,CA,deep_springs,NA
146,37.193615986034274,-117.99762457609177,2036.800048828125,205,2026-06-13T00:00:00Z,great_basin,joshua_tree,"N 37.193616, W 117.997625",N,W,Inyo,CA,ben,NA
147,37.193474331870675,-117.99773915670812,2035,206,2026-06-13T00:00:00Z,great_basin,joshua_tree,"N 37.193474, W 117.997739",N,W,Inyo,CA,ben,NA
148,37.19333586283028,-117.99776681698859,2034.199951171875,207,2026-06-13T00:00:00Z,great_basin,joshua_tree,"N 37.193336, W 117.997767",N,W,Inyo,CA,ben,NA
149,37.19339244067669,-117.99795038066804,2040.199951171875,208,2026-06-13T00:00:00Z,great_basin,joshua_tree,"N 37.193392, W 117.997950",N,W,Inyo,CA,ben,NA
150,37.1933451667428,-117.99800637178124,2035.4000244140625,209,2026-06-13T00:00:00Z,great_basin,joshua_tree,"N 37.193345, W 117.998006",N,W,Inyo,CA,ben,NA
151,37.19342320226133,-117.99814693629743,2035,210,2026-06-13T00:00:00Z,great_basin,joshua_tree,"N 37.193423, W 117.998147",N,W,Inyo,CA,ben,NA
